<edmx:Edmx
    xmlns:edmx="http://schemas.microsoft.com/ado/2007/06/edmx"
    xmlns:m="http://schemas.microsoft.com/ado/2007/08/dataservices/metadata"
    xmlns:sap="http://www.sap.com/Protocols/SAPData" Version="1.0">
    <edmx:DataServices m:DataServiceVersion="2.0">
        <Schema
            xmlns="http://schemas.microsoft.com/ado/2008/09/edm" Namespace="ZSM_PEOPLE_SRV_01" xml:lang="tr" sap:schema-version="1 ">
            <EntityType Name="People" sap:content-version="1">
                <Key>
                    <PropertyRef Name="Username"/>
                </Key>
                <Property Name="Username" Type="Edm.String" Nullable="false" MaxLength="12" sap:label="Kullanıcı adı" sap:creatable="false" sap:updatable="false" sap:sortable="false" sap:filterable="false"/>
                <Property Name="Firstname" Type="Edm.String" Nullable="false" MaxLength="40" sap:label="Char" sap:creatable="false" sap:updatable="false" sap:sortable="false" sap:filterable="false"/>
                <Property Name="Lastname" Type="Edm.String" Nullable="false" MaxLength="40" sap:label="Char" sap:creatable="false" sap:updatable="false" sap:sortable="false" sap:filterable="false"/>
                <Property Name="Age" Type="Edm.Int16" Nullable="false" sap:label="Int2" sap:creatable="false" sap:updatable="false" sap:sortable="false" sap:filterable="false"/>
                <Property Name="Birthdate" Type="Edm.DateTime" Nullable="false" Precision="7" sap:label="Tarih" sap:creatable="false" sap:updatable="false" sap:sortable="false" sap:filterable="false"/>
            </EntityType>
            <EntityType Name="PeopleModifyHeader" sap:content-version="1">
                <Key>
                    <PropertyRef Name="Username"/>
                </Key>
                <Property Name="Username" Type="Edm.String" Nullable="false" MaxLength="12" sap:label="Kullanıcı adı" sap:creatable="false" sap:updatable="false" sap:sortable="false" sap:filterable="false"/>
                <Property Name="Firstname" Type="Edm.String" Nullable="false" MaxLength="40" sap:label="Char" sap:creatable="false" sap:updatable="false" sap:sortable="false" sap:filterable="false"/>
                <Property Name="Lastname" Type="Edm.String" Nullable="false" MaxLength="40" sap:label="Char" sap:creatable="false" sap:updatable="false" sap:sortable="false" sap:filterable="false"/>
                <Property Name="Age" Type="Edm.Int16" Nullable="false" sap:label="Int2" sap:creatable="false" sap:updatable="false" sap:sortable="false" sap:filterable="false"/>
                <Property Name="Birthdate" Type="Edm.DateTime" Nullable="false" Precision="7" sap:label="Tarih" sap:creatable="false" sap:updatable="false" sap:sortable="false" sap:filterable="false"/>
            </EntityType>
            <EntityType Name="PeopleModifyReturn" sap:content-version="1">
                <Key>
                    <PropertyRef Name="Type"/>
                </Key>
                <Property Name="Type" Type="Edm.String" Nullable="false" MaxLength="1" sap:label="Maint.type" sap:creatable="false" sap:updatable="false" sap:sortable="false" sap:filterable="false"/>
                <Property Name="Message" Type="Edm.String" Nullable="false" MaxLength="220" sap:label="İleti metni" sap:creatable="false" sap:updatable="false" sap:sortable="false" sap:filterable="false"/>
            </EntityType>
            <EntityType Name="PeopleModify" sap:content-version="1">
                <Key>
                    <PropertyRef Name="ID"/>
                </Key>
                <Property Name="ID" Type="Edm.String" Nullable="false" MaxLength="1" sap:creatable="false" sap:updatable="false" sap:sortable="false" sap:filterable="false"/>
                <NavigationProperty Name="PeopleModifyHeader" Relationship="ZSM_PEOPLE_SRV_01.PeopleModifyAssocHeader" FromRole="FromRole_PeopleModifyAssocHeader" ToRole="ToRole_PeopleModifyAssocHeader"/>
                <NavigationProperty Name="PeopleModifyReturn" Relationship="ZSM_PEOPLE_SRV_01.PeopleModifyAssocReturn" FromRole="FromRole_PeopleModifyAssocReturn" ToRole="ToRole_PeopleModifyAssocReturn"/>
            </EntityType>
            <EntityType Name="UsernameSH" sap:content-version="1">
                <Key>
                    <PropertyRef Name="Username"/>
                </Key>
                <Property Name="Username" Type="Edm.String" Nullable="false" MaxLength="12" sap:label="Kullanıcı adı" sap:creatable="false" sap:updatable="false" sap:sortable="false" sap:filterable="false"/>
                <Property Name="Firstname" Type="Edm.String" Nullable="false" MaxLength="40" sap:label="Char" sap:creatable="false" sap:updatable="false" sap:sortable="false" sap:filterable="false"/>
                <Property Name="Lastname" Type="Edm.String" Nullable="false" MaxLength="40" sap:label="Char" sap:creatable="false" sap:updatable="false" sap:sortable="false" sap:filterable="false"/>
            </EntityType>
            <EntityType Name="PeopleFilter" sap:content-version="1">
                <Key>
                    <PropertyRef Name="Username"/>
                </Key>
                <Property Name="Username" Type="Edm.String" Nullable="false" MaxLength="12" sap:label="Kullanıcı adı" sap:creatable="false" sap:updatable="false" sap:sortable="false" sap:filterable="false"/>
                <Property Name="Firstname" Type="Edm.String" Nullable="false" MaxLength="40" sap:label="Char" sap:creatable="false" sap:updatable="false" sap:sortable="false" sap:filterable="false"/>
                <Property Name="Lastname" Type="Edm.String" Nullable="false" MaxLength="40" sap:label="Char" sap:creatable="false" sap:updatable="false" sap:sortable="false" sap:filterable="false"/>
                <Property Name="Age" Type="Edm.Int16" Nullable="false" sap:label="Int2" sap:creatable="false" sap:updatable="false" sap:sortable="false" sap:filterable="false"/>
                <Property Name="Birthdate" Type="Edm.DateTime" Nullable="false" Precision="7" sap:label="Tarih" sap:creatable="false" sap:updatable="false" sap:sortable="false" sap:filterable="false"/>
            </EntityType>
            <EntityType Name="PeopleCreateHeader" sap:content-version="1">
                <Key>
                    <PropertyRef Name="Username"/>
                </Key>
                <Property Name="Username" Type="Edm.String" Nullable="false" MaxLength="12" sap:label="Kullanıcı adı" sap:creatable="false" sap:updatable="false" sap:sortable="false" sap:filterable="false"/>
                <Property Name="Firstname" Type="Edm.String" MaxLength="40" sap:label="Char" sap:creatable="false" sap:updatable="false" sap:sortable="false" sap:filterable="false"/>
                <Property Name="Lastname" Type="Edm.String" MaxLength="40" sap:label="Char" sap:creatable="false" sap:updatable="false" sap:sortable="false" sap:filterable="false"/>
                <Property Name="Age" Type="Edm.Int16" sap:label="Int2" sap:creatable="false" sap:updatable="false" sap:sortable="false" sap:filterable="false"/>
                <Property Name="Birthdate" Type="Edm.DateTime" Precision="7" sap:label="Tarih" sap:creatable="false" sap:updatable="false" sap:sortable="false" sap:filterable="false"/>
            </EntityType>
            <EntityType Name="PeopleCreate" sap:content-version="1">
                <Key>
                    <PropertyRef Name="ID"/>
                </Key>
                <Property Name="ID" Type="Edm.String" Nullable="false" MaxLength="1" sap:creatable="false" sap:updatable="false" sap:sortable="false" sap:filterable="false"/>
                <NavigationProperty Name="PeopleCreateReturn" Relationship="ZSM_PEOPLE_SRV_01.PeopleCreateAssocReturn" FromRole="FromRole_PeopleCreateAssocReturn" ToRole="ToRole_PeopleCreateAssocReturn"/>
                <NavigationProperty Name="PeopleCreateHeader" Relationship="ZSM_PEOPLE_SRV_01.PeopleCreateAssocHeader" FromRole="FromRole_PeopleCreateAssocHeader" ToRole="ToRole_PeopleCreateAssocHeader"/>
            </EntityType>
            <EntityType Name="PeopleCreateReturn" sap:content-version="1">
                <Key>
                    <PropertyRef Name="Type"/>
                </Key>
                <Property Name="Type" Type="Edm.String" Nullable="false" MaxLength="1" sap:label="Maint.type" sap:creatable="false" sap:updatable="false" sap:sortable="false" sap:filterable="false"/>
                <Property Name="Message" Type="Edm.String" MaxLength="220" sap:label="İleti metni" sap:creatable="false" sap:updatable="false" sap:sortable="false" sap:filterable="false"/>
            </EntityType>
            <EntityType Name="PeopleDeepCreateHeader" sap:content-version="1">
                <Key>
                    <PropertyRef Name="Username"/>
                </Key>
                <Property Name="Username" Type="Edm.String" Nullable="false" MaxLength="12" sap:label="Kullanıcı adı" sap:creatable="false" sap:updatable="false" sap:sortable="false" sap:filterable="false"/>
                <Property Name="Firstname" Type="Edm.String" Nullable="false" MaxLength="40" sap:label="Char" sap:creatable="false" sap:updatable="false" sap:sortable="false" sap:filterable="false"/>
                <Property Name="Lastname" Type="Edm.String" Nullable="false" MaxLength="40" sap:label="Char" sap:creatable="false" sap:updatable="false" sap:sortable="false" sap:filterable="false"/>
                <Property Name="Age" Type="Edm.Int16" Nullable="false" sap:label="Int2" sap:creatable="false" sap:updatable="false" sap:sortable="false" sap:filterable="false"/>
                <Property Name="Birthdate" Type="Edm.DateTime" Nullable="false" Precision="7" sap:label="Tarih" sap:creatable="false" sap:updatable="false" sap:sortable="false" sap:filterable="false"/>
            </EntityType>
            <EntityType Name="PeopleDeepCreateReturn" sap:content-version="1">
                <Key>
                    <PropertyRef Name="Type"/>
                </Key>
                <Property Name="Type" Type="Edm.String" Nullable="false" MaxLength="1" sap:label="İleti türü" sap:creatable="false" sap:updatable="false" sap:sortable="false" sap:filterable="false"/>
                <Property Name="Message" Type="Edm.String" Nullable="false" MaxLength="220" sap:label="İleti metni" sap:creatable="false" sap:updatable="false" sap:sortable="false" sap:filterable="false"/>
            </EntityType>
            <EntityType Name="PeopleDeepCreate" sap:content-version="1">
                <Key>
                    <PropertyRef Name="ID"/>
                </Key>
                <Property Name="ID" Type="Edm.String" Nullable="false" MaxLength="1" sap:creatable="false" sap:updatable="false" sap:sortable="false" sap:filterable="false"/>
                <NavigationProperty Name="PeopleDeepCreateReturn" Relationship="ZSM_PEOPLE_SRV_01.PeopleDeepCreateAssocReturn" FromRole="FromRole_PeopleDeepCreateAssocReturn" ToRole="ToRole_PeopleDeepCreateAssocReturn"/>
                <NavigationProperty Name="PeopleDeepCreateHeader" Relationship="ZSM_PEOPLE_SRV_01.PeopleDeepCreateAssocHeader" FromRole="FromRole_PeopleDeepCreateAssocHeader" ToRole="ToRole_PeopleDeepCreateAssocHeader"/>
            </EntityType>
            <EntityType Name="Attachment" m:HasStream="true" sap:content-version="1">
                <Key>
                    <PropertyRef Name="Objectid"/>
                    <PropertyRef Name="Attachid"/>
                </Key>
                <Property Name="Objectid" Type="Edm.String" Nullable="false" MaxLength="90" sap:label="Nsn.değeri" sap:creatable="false" sap:updatable="false" sap:sortable="false" sap:filterable="false"/>
                <Property Name="Attachid" Type="Edm.Guid" Nullable="false" sap:label="Ek ID" sap:creatable="false" sap:updatable="false" sap:sortable="false" sap:filterable="false"/>
                <Property Name="CreatedBy" Type="Edm.String" MaxLength="12" sap:label="Yaratan" sap:creatable="false" sap:updatable="false" sap:sortable="false" sap:filterable="false"/>
                <Property Name="CreatedTime" Type="Edm.DateTimeOffset" Precision="7" sap:label="Yaratma Zamanı" sap:creatable="false" sap:updatable="false" sap:sortable="false" sap:filterable="false"/>
                <Property Name="Param" Type="Edm.String" MaxLength="15" sap:label="Parametre adı" sap:creatable="false" sap:updatable="false" sap:sortable="false" sap:filterable="false"/>
                <Property Name="Filename" Type="Edm.String" MaxLength="255" sap:label="Dosya Adı" sap:creatable="false" sap:updatable="false" sap:sortable="false" sap:filterable="false"/>
                <Property Name="Filesize" Type="Edm.Int32" sap:label="Dosya büyüklüğü" sap:creatable="false" sap:updatable="false" sap:sortable="false" sap:filterable="false"/>
                <Property Name="Mimetype" Type="Edm.String" MaxLength="255" sap:label="MimeType" sap:creatable="false" sap:updatable="false" sap:sortable="false" sap:filterable="false"/>
                <Property Name="Value" Type="Edm.Binary" sap:label="Binary String" sap:creatable="false" sap:updatable="false" sap:sortable="false" sap:filterable="false"/>
            </EntityType>
            <Association Name="PeopleCreateAssocHeader" sap:content-version="1">
                <End Type="ZSM_PEOPLE_SRV_01.PeopleCreate" Multiplicity="1" Role="FromRole_PeopleCreateAssocHeader"/>
                <End Type="ZSM_PEOPLE_SRV_01.PeopleCreateHeader" Multiplicity="1" Role="ToRole_PeopleCreateAssocHeader"/>
                <ReferentialConstraint>
                    <Principal Role="FromRole_PeopleCreateAssocHeader">
                        <PropertyRef Name="ID"/>
                    </Principal>
                    <Dependent Role="ToRole_PeopleCreateAssocHeader">
                        <PropertyRef Name="Username"/>
                    </Dependent>
                </ReferentialConstraint>
            </Association>
            <Association Name="PeopleCreateAssocReturn" sap:content-version="1">
                <End Type="ZSM_PEOPLE_SRV_01.PeopleCreate" Multiplicity="1" Role="FromRole_PeopleCreateAssocReturn"/>
                <End Type="ZSM_PEOPLE_SRV_01.PeopleCreateReturn" Multiplicity="1" Role="ToRole_PeopleCreateAssocReturn"/>
                <ReferentialConstraint>
                    <Principal Role="FromRole_PeopleCreateAssocReturn">
                        <PropertyRef Name="ID"/>
                    </Principal>
                    <Dependent Role="ToRole_PeopleCreateAssocReturn">
                        <PropertyRef Name="Type"/>
                    </Dependent>
                </ReferentialConstraint>
            </Association>
            <Association Name="PeopleDeepCreateAssocHeader" sap:content-version="1">
                <End Type="ZSM_PEOPLE_SRV_01.PeopleDeepCreate" Multiplicity="1" Role="FromRole_PeopleDeepCreateAssocHeader"/>
                <End Type="ZSM_PEOPLE_SRV_01.PeopleDeepCreateHeader" Multiplicity="*" Role="ToRole_PeopleDeepCreateAssocHeader"/>
                <ReferentialConstraint>
                    <Principal Role="FromRole_PeopleDeepCreateAssocHeader">
                        <PropertyRef Name="ID"/>
                    </Principal>
                    <Dependent Role="ToRole_PeopleDeepCreateAssocHeader">
                        <PropertyRef Name="Username"/>
                    </Dependent>
                </ReferentialConstraint>
            </Association>
            <Association Name="PeopleDeepCreateAssocReturn" sap:content-version="1">
                <End Type="ZSM_PEOPLE_SRV_01.PeopleDeepCreate" Multiplicity="1" Role="FromRole_PeopleDeepCreateAssocReturn"/>
                <End Type="ZSM_PEOPLE_SRV_01.PeopleDeepCreateReturn" Multiplicity="*" Role="ToRole_PeopleDeepCreateAssocReturn"/>
                <ReferentialConstraint>
                    <Principal Role="FromRole_PeopleDeepCreateAssocReturn">
                        <PropertyRef Name="ID"/>
                    </Principal>
                    <Dependent Role="ToRole_PeopleDeepCreateAssocReturn">
                        <PropertyRef Name="Type"/>
                    </Dependent>
                </ReferentialConstraint>
            </Association>
            <Association Name="PeopleModifyAssocReturn" sap:content-version="1">
                <End Type="ZSM_PEOPLE_SRV_01.PeopleModify" Multiplicity="1" Role="FromRole_PeopleModifyAssocReturn"/>
                <End Type="ZSM_PEOPLE_SRV_01.PeopleModifyReturn" Multiplicity="*" Role="ToRole_PeopleModifyAssocReturn"/>
                <ReferentialConstraint>
                    <Principal Role="FromRole_PeopleModifyAssocReturn">
                        <PropertyRef Name="ID"/>
                    </Principal>
                    <Dependent Role="ToRole_PeopleModifyAssocReturn">
                        <PropertyRef Name="Type"/>
                    </Dependent>
                </ReferentialConstraint>
            </Association>
            <Association Name="PeopleModifyAssocHeader" sap:content-version="1">
                <End Type="ZSM_PEOPLE_SRV_01.PeopleModify" Multiplicity="1" Role="FromRole_PeopleModifyAssocHeader"/>
                <End Type="ZSM_PEOPLE_SRV_01.PeopleModifyHeader" Multiplicity="*" Role="ToRole_PeopleModifyAssocHeader"/>
                <ReferentialConstraint>
                    <Principal Role="FromRole_PeopleModifyAssocHeader">
                        <PropertyRef Name="ID"/>
                    </Principal>
                    <Dependent Role="ToRole_PeopleModifyAssocHeader">
                        <PropertyRef Name="Username"/>
                    </Dependent>
                </ReferentialConstraint>
            </Association>
            <EntityContainer Name="ZSM_PEOPLE_SRV_01_Entities" m:IsDefaultEntityContainer="true" sap:supported-formats="atom json xlsx">
                <EntitySet Name="PeopleSet" EntityType="ZSM_PEOPLE_SRV_01.People" sap:creatable="false" sap:updatable="false" sap:deletable="false" sap:pageable="false" sap:content-version="1"/>
                <EntitySet Name="PeopleModifyHeaderSet" EntityType="ZSM_PEOPLE_SRV_01.PeopleModifyHeader" sap:creatable="false" sap:updatable="false" sap:deletable="false" sap:pageable="false" sap:content-version="1"/>
                <EntitySet Name="PeopleModifyReturnSet" EntityType="ZSM_PEOPLE_SRV_01.PeopleModifyReturn" sap:creatable="false" sap:updatable="false" sap:deletable="false" sap:pageable="false" sap:content-version="1"/>
                <EntitySet Name="PeopleModifySet" EntityType="ZSM_PEOPLE_SRV_01.PeopleModify" sap:creatable="false" sap:updatable="false" sap:deletable="false" sap:pageable="false" sap:addressable="false" sap:content-version="1"/>
                <EntitySet Name="UsernameSHSet" EntityType="ZSM_PEOPLE_SRV_01.UsernameSH" sap:creatable="false" sap:updatable="false" sap:deletable="false" sap:pageable="false" sap:content-version="1"/>
                <EntitySet Name="PeopleFilterSet" EntityType="ZSM_PEOPLE_SRV_01.PeopleFilter" sap:creatable="false" sap:updatable="false" sap:deletable="false" sap:pageable="false" sap:content-version="1"/>
                <EntitySet Name="PeopleCreateHeaderSet" EntityType="ZSM_PEOPLE_SRV_01.PeopleCreateHeader" sap:creatable="false" sap:updatable="false" sap:deletable="false" sap:pageable="false" sap:content-version="1"/>
                <EntitySet Name="PeopleCreateSet" EntityType="ZSM_PEOPLE_SRV_01.PeopleCreate" sap:creatable="false" sap:updatable="false" sap:deletable="false" sap:pageable="false" sap:addressable="false" sap:content-version="1"/>
                <EntitySet Name="PeopleCreateReturnSet" EntityType="ZSM_PEOPLE_SRV_01.PeopleCreateReturn" sap:creatable="false" sap:updatable="false" sap:deletable="false" sap:pageable="false" sap:content-version="1"/>
                <EntitySet Name="PeopleDeepCreateHeaderSet" EntityType="ZSM_PEOPLE_SRV_01.PeopleDeepCreateHeader" sap:creatable="false" sap:updatable="false" sap:deletable="false" sap:pageable="false" sap:content-version="1"/>
                <EntitySet Name="PeopleDeepCreateReturnSet" EntityType="ZSM_PEOPLE_SRV_01.PeopleDeepCreateReturn" sap:creatable="false" sap:updatable="false" sap:deletable="false" sap:pageable="false" sap:content-version="1"/>
                <EntitySet Name="PeopleDeepCreateSet" EntityType="ZSM_PEOPLE_SRV_01.PeopleDeepCreate" sap:creatable="false" sap:updatable="false" sap:deletable="false" sap:pageable="false" sap:addressable="false" sap:content-version="1"/>
                <EntitySet Name="AttachmentSet" EntityType="ZSM_PEOPLE_SRV_01.Attachment" sap:creatable="false" sap:updatable="false" sap:deletable="false" sap:pageable="false" sap:content-version="1"/>
                <AssociationSet Name="PeopleDeepCreateAssocHeaderSet" Association="ZSM_PEOPLE_SRV_01.PeopleDeepCreateAssocHeader" sap:creatable="false" sap:updatable="false" sap:deletable="false" sap:content-version="1">
                    <End EntitySet="PeopleDeepCreateSet" Role="FromRole_PeopleDeepCreateAssocHeader"/>
                    <End EntitySet="PeopleDeepCreateHeaderSet" Role="ToRole_PeopleDeepCreateAssocHeader"/>
                </AssociationSet>
                <AssociationSet Name="PeopleModifyAssocReturnSet" Association="ZSM_PEOPLE_SRV_01.PeopleModifyAssocReturn" sap:creatable="false" sap:updatable="false" sap:deletable="false" sap:content-version="1">
                    <End EntitySet="PeopleModifySet" Role="FromRole_PeopleModifyAssocReturn"/>
                    <End EntitySet="PeopleModifyReturnSet" Role="ToRole_PeopleModifyAssocReturn"/>
                </AssociationSet>
                <AssociationSet Name="PeopleModifyAssocHeaderSet" Association="ZSM_PEOPLE_SRV_01.PeopleModifyAssocHeader" sap:creatable="false" sap:updatable="false" sap:deletable="false" sap:content-version="1">
                    <End EntitySet="PeopleModifySet" Role="FromRole_PeopleModifyAssocHeader"/>
                    <End EntitySet="PeopleModifyHeaderSet" Role="ToRole_PeopleModifyAssocHeader"/>
                </AssociationSet>
                <AssociationSet Name="PeopleCreateAssocReturnSet" Association="ZSM_PEOPLE_SRV_01.PeopleCreateAssocReturn" sap:creatable="false" sap:updatable="false" sap:deletable="false" sap:content-version="1">
                    <End EntitySet="PeopleCreateSet" Role="FromRole_PeopleCreateAssocReturn"/>
                    <End EntitySet="PeopleCreateReturnSet" Role="ToRole_PeopleCreateAssocReturn"/>
                </AssociationSet>
                <AssociationSet Name="PeopleDeepCreateAssocReturnSet" Association="ZSM_PEOPLE_SRV_01.PeopleDeepCreateAssocReturn" sap:creatable="false" sap:updatable="false" sap:deletable="false" sap:content-version="1">
                    <End EntitySet="PeopleDeepCreateSet" Role="FromRole_PeopleDeepCreateAssocReturn"/>
                    <End EntitySet="PeopleDeepCreateReturnSet" Role="ToRole_PeopleDeepCreateAssocReturn"/>
                </AssociationSet>
                <AssociationSet Name="PeopleCreateAssocHeaderSet" Association="ZSM_PEOPLE_SRV_01.PeopleCreateAssocHeader" sap:creatable="false" sap:updatable="false" sap:deletable="false" sap:content-version="1">
                    <End EntitySet="PeopleCreateSet" Role="FromRole_PeopleCreateAssocHeader"/>
                    <End EntitySet="PeopleCreateHeaderSet" Role="ToRole_PeopleCreateAssocHeader"/>
                </AssociationSet>
            </EntityContainer>
            <atom:link
                xmlns:atom="http://www.w3.org/2005/Atom" rel="self" href="./sap/ZSM_PEOPLE_SRV_01/$metadata"/>
                <atom:link
                    xmlns:atom="http://www.w3.org/2005/Atom" rel="latest-version" href="./sap/ZSM_PEOPLE_SRV_01/$metadata"/>
                </Schema>
            </edmx:DataServices>
        </edmx:Edmx>