{
	"headerExpanded": true,
	"ProductCollection": [{
			"ProductId": "1239102",
			"Name": "Power Projector 4713",
			"Category": "Projector",
			"SupplierName": "Titanium"
		}, {
			"ProductId": "1239103",
			"Name": "Power Projector 4713",
			"Category": "Projector",
			"SupplierName": "Titanium"
		}, {
			"ProductId": "1239104",
			"Name": "Power Projector 4713",
			"Category": "Projector",
			"SupplierName": "Titanium"
		}, {
			"ProductId": "1239105",
			"Name": "Power Projector 4713",
			"Category": "Projector",
			"SupplierName": "Titanium"
		}, {
			"ProductId": "1239106",
			"Name": "Power Projector 4713",
			"Category": "Projector",
			"SupplierName": "Titanium"
		}, {
			"ProductId": "1239107",
			"Name": "Power Projector 4713",
			"Category": "Projector",
			"SupplierName": "Titanium"
		}, {
			"ProductId": "1239108",
			"Name": "Power Projector 4713",
			"Category": "Projector",
			"SupplierName": "Titanium"
		}, {
			"ProductId": "1239109",
			"Name": "Power Projector 4713",
			"Category": "Projector",
			"SupplierName": "Titanium"
		}, {
			"ProductId": "1239110",
			"Name": "Power Projector 4713",
			"Category": "Projector",
			"SupplierName": "Titanium"
		}, {
			"ProductId": "1239111",
			"Name": "Power Projector 4713",
			"Category": "Projector",
			"SupplierName": "Titanium"
		}, {
			"ProductId": "1239112",
			"Name": "Power Projector 4713",
			"Category": "Projector",
			"SupplierName": "Titanium"
		}, {
			"ProductId": "1239113",
			"Name": "Power Projector 4713",
			"Category": "Projector",
			"SupplierName": "Titanium"
		}, {
			"ProductId": "1239114",
			"Name": "Power Projector 4713",
			"Category": "Projector",
			"SupplierName": "Titanium"
		}, {
			"ProductId": "1239115",
			"Name": "Power Projector 4713",
			"Category": "Projector",
			"SupplierName": "Titanium"
		}, {
			"ProductId": "1239116",
			"Name": "Power Projector 4713",
			"Category": "Projector",
			"SupplierName": "Titanium"
		}, {
			"ProductId": "1239117",
			"Name": "Power Projector 4713",
			"Category": "Projector",
			"SupplierName": "Titanium"
		}, {
			"ProductId": "1239118",
			"Name": "Power Projector 4713",
			"Category": "Projector",
			"SupplierName": "Titanium"
		}, {
			"ProductId": "1239119",
			"Name": "Power Projector 4713",
			"Category": "Projector",
			"SupplierName": "Titanium"
		}, {
			"ProductId": "1239120",
			"Name": "Power Projector 4713",
			"Category": "Projector",
			"SupplierName": "Titanium"
		}, {
			"ProductId": "1239121",
			"Name": "Power Projector 4713",
			"Category": "Projector",
			"SupplierName": "Titanium"
		}, {
			"ProductId": "1239122",
			"Name": "Power Projector 4713",
			"Category": "Projector",
			"SupplierName": "Titanium"
		}, {
			"ProductId": "1239123",
			"Name": "Power Projector 4713",
			"Category": "Projector",
			"SupplierName": "Titanium"
		}, {
			"ProductId": "1239124",
			"Name": "Power Projector 4713",
			"Category": "Projector",
			"SupplierName": "Titanium"
		}, {
			"ProductId": "1239125",
			"Name": "Power Projector 4713",
			"Category": "Projector",
			"SupplierName": "Titanium"
		}, {
			"ProductId": "1239126",
			"Name": "Power Projector 4713",
			"Category": "Projector",
			"SupplierName": "Titanium"
		},

		{
			"ProductId": "K47322.1",
			"Name": "Hurricane GX",
			"Category": "Graphics Card",
			"SupplierName": "Red Point Stores"
		}, {
			"ProductId": "K47322.2",
			"Name": "Hurricane GX",
			"Category": "Graphics Card",
			"SupplierName": "Titanium"
		}, {
			"ProductId": "K47322.3",
			"Name": "Hurricane GX",
			"Category": "Graphics Card",
			"SupplierName": "Red Point Stores"
		}, {
			"ProductId": "K47322.4",
			"Name": "Hurricane GX",
			"Category": "Graphics Card",
			"SupplierName": "Titanium"
		}, {
			"ProductId": "K47322.5",
			"Name": "Hurricane GX",
			"Category": "Graphics Card",
			"SupplierName": "Red Point Stores"
		}, {
			"ProductId": "K47322.6",
			"Name": "Hurricane GX",
			"Category": "Graphics Card",
			"SupplierName": "Titanium"
		}, {
			"ProductId": "K47322.7",
			"Name": "Hurricane GX",
			"Category": "Graphics Card",
			"SupplierName": "Red Point Stores"
		}, {
			"ProductId": "K47322.8",
			"Name": "Hurricane GX",
			"Category": "Graphics Card",
			"SupplierName": "Titanium"
		}, {
			"ProductId": "K47322.9",
			"Name": "Hurricane GX",
			"Category": "Graphics Card",
			"SupplierName": "Red Point Stores"
		}, {
			"ProductId": "K47322.10",
			"Name": "Hurricane GX",
			"Category": "Graphics Card",
			"SupplierName": "Titanium"
		}, {
			"ProductId": "K47322.11",
			"Name": "Hurricane GX",
			"Category": "Graphics Card",
			"SupplierName": "Red Point Stores"
		}, {
			"ProductId": "K47322.12",
			"Name": "Hurricane GX",
			"Category": "Graphics Card",
			"SupplierName": "Titanium"
		}, {
			"ProductId": "K47322.13",
			"Name": "Hurricane GX",
			"Category": "Graphics Card",
			"SupplierName": "Red Point Stores"
		}, {
			"ProductId": "K47322.14",
			"Name": "Hurricane GX",
			"Category": "Graphics Card",
			"SupplierName": "Titanium"
		}, {
			"ProductId": "K47322.15",
			"Name": "Hurricane GX",
			"Category": "Graphics Card",
			"SupplierName": "Red Point Stores"
		}, {
			"ProductId": "K47322.16",
			"Name": "Hurricane GX",
			"Category": "Graphics Card",
			"SupplierName": "Titanium"
		}, {
			"ProductId": "K47322.17",
			"Name": "Hurricane GX",
			"Category": "Graphics Card",
			"SupplierName": "Red Point Stores"
		}, {
			"ProductId": "K47322.18",
			"Name": "Hurricane GX",
			"Category": "Graphics Card",
			"SupplierName": "Titanium"
		}, {
			"ProductId": "K47322.19",
			"Name": "Hurricane GX",
			"Category": "Graphics Card",
			"SupplierName": "Red Point Stores"
		}, {
			"ProductId": "K47322.20",
			"Name": "Hurricane GX",
			"Category": "Graphics Card",
			"SupplierName": "Titanium"
		}, {
			"ProductId": "K47322.21",
			"Name": "Hurricane GX",
			"Category": "Graphics Card",
			"SupplierName": "Red Point Stores"
		}, {
			"ProductId": "K47322.22",
			"Name": "Hurricane GX",
			"Category": "Graphics Card",
			"SupplierName": "Titanium"
		}, {
			"ProductId": "K47322.23",
			"Name": "Hurricane GX",
			"Category": "Graphics Card",
			"SupplierName": "Red Point Stores"
		}, {
			"ProductId": "K47322.24",
			"Name": "Hurricane GX",
			"Category": "Graphics Card",
			"SupplierName": "Titanium"
		}, {
			"ProductId": "K47322.25",
			"Name": "Hurricane GX",
			"Category": "Graphics Card",
			"SupplierName": "Red Point Stores"
		}, {
			"ProductId": "K47322.26",
			"Name": "Hurricane GX",
			"Category": "Graphics Card",
			"SupplierName": "Titanium"
		},

		{
			"ProductId": "22134T1",
			"Name": "Webcam",
			"Category": "Accessory",
			"SupplierName": "Technocom"
		}, {
			"ProductId": "22134T2",
			"Name": "Webcam",
			"Category": "Accessory",
			"SupplierName": "Red Point Stores"
		}, {
			"ProductId": "22134T3",
			"Name": "Webcam",
			"Category": "Accessory",
			"SupplierName": "Technocom"
		}, {
			"ProductId": "22134T4",
			"Name": "Webcam",
			"Category": "Accessory",
			"SupplierName": "Red Point Stores"
		}, {
			"ProductId": "22134T5",
			"Name": "Webcam",
			"Category": "Accessory",
			"SupplierName": "Technocom"
		}, {
			"ProductId": "22134T6",
			"Name": "Webcam",
			"Category": "Accessory",
			"SupplierName": "Red Point Stores"
		}, {
			"ProductId": "22134T7",
			"Name": "Webcam",
			"Category": "Accessory",
			"SupplierName": "Technocom"
		}, {
			"ProductId": "22134T8",
			"Name": "Webcam",
			"Category": "Accessory",
			"SupplierName": "Red Point Stores"
		}, {
			"ProductId": "22134T9",
			"Name": "Webcam",
			"Category": "Accessory",
			"SupplierName": "Technocom"
		}, {
			"ProductId": "22134T10",
			"Name": "Webcam",
			"Category": "Accessory",
			"SupplierName": "Red Point Stores"
		}, {
			"ProductId": "22134T11",
			"Name": "Webcam",
			"Category": "Accessory",
			"SupplierName": "Technocom"
		}, {
			"ProductId": "22134T12",
			"Name": "Webcam",
			"Category": "Accessory",
			"SupplierName": "Red Point Stores"
		}, {
			"ProductId": "22134T13",
			"Name": "Webcam",
			"Category": "Accessory",
			"SupplierName": "Technocom"
		}, {
			"ProductId": "22134T14",
			"Name": "Webcam",
			"Category": "Accessory",
			"SupplierName": "Red Point Stores"
		}, {
			"ProductId": "22134T15",
			"Name": "Webcam",
			"Category": "Accessory",
			"SupplierName": "Technocom"
		}, {
			"ProductId": "22134T16",
			"Name": "Webcam",
			"Category": "Accessory",
			"SupplierName": "Red Point Stores"
		}, {
			"ProductId": "22134T17",
			"Name": "Webcam",
			"Category": "Accessory",
			"SupplierName": "Technocom"
		}, {
			"ProductId": "22134T18",
			"Name": "Webcam",
			"Category": "Accessory",
			"SupplierName": "Red Point Stores"
		}, {
			"ProductId": "22134T19",
			"Name": "Webcam",
			"Category": "Accessory",
			"SupplierName": "Technocom"
		}, {
			"ProductId": "22134T20",
			"Name": "Webcam",
			"Category": "Accessory",
			"SupplierName": "Red Point Stores"
		}, {
			"ProductId": "22134T21",
			"Name": "Webcam",
			"Category": "Accessory",
			"SupplierName": "Technocom"
		}, {
			"ProductId": "22134T22",
			"Name": "Webcam",
			"Category": "Accessory",
			"SupplierName": "Red Point Stores"
		}, {
			"ProductId": "22134T23",
			"Name": "Webcam",
			"Category": "Accessory",
			"SupplierName": "Technocom"
		}, {
			"ProductId": "22134T24",
			"Name": "Webcam",
			"Category": "Accessory",
			"SupplierName": "Red Point Stores"
		}, {
			"ProductId": "22134T25",
			"Name": "Webcam",
			"Category": "Accessory",
			"SupplierName": "Technocom"
		}, {
			"ProductId": "22134T26",
			"Name": "Webcam",
			"Category": "Accessory",
			"SupplierName": "Red Point Stores"
		},

		{
			"ProductId": "P1239823",
			"Name": "Monitor Locking Cable",
			"Category": "Accessory",
			"SupplierName": "Technocom"
		}, {
			"ProductId": "P1239824",
			"Name": "Monitor Locking Cable",
			"Category": "Accessory",
			"SupplierName": "Titanium"
		}, {
			"ProductId": "P1239825",
			"Name": "Monitor Locking Cable",
			"Category": "Accessory",
			"SupplierName": "Technocom"
		}, {
			"ProductId": "P1239826",
			"Name": "Monitor Locking Cable",
			"Category": "Accessory",
			"SupplierName": "Titanium"
		}, {
			"ProductId": "P1239827",
			"Name": "Monitor Locking Cable",
			"Category": "Accessory",
			"SupplierName": "Technocom"
		}, {
			"ProductId": "P1239828",
			"Name": "Monitor Locking Cable",
			"Category": "Accessory",
			"SupplierName": "Titanium"
		}, {
			"ProductId": "P1239829",
			"Name": "Monitor Locking Cable",
			"Category": "Accessory",
			"SupplierName": "Technocom"
		}, {
			"ProductId": "P1239830",
			"Name": "Monitor Locking Cable",
			"Category": "Accessory",
			"SupplierName": "Titanium"
		}, {
			"ProductId": "P1239831",
			"Name": "Monitor Locking Cable",
			"Category": "Accessory",
			"SupplierName": "Technocom"
		}, {
			"ProductId": "P1239832",
			"Name": "Monitor Locking Cable",
			"Category": "Accessory",
			"SupplierName": "Titanium"
		}, {
			"ProductId": "P1239833",
			"Name": "Monitor Locking Cable",
			"Category": "Accessory",
			"SupplierName": "Technocom"
		}, {
			"ProductId": "P1239834",
			"Name": "Monitor Locking Cable",
			"Category": "Accessory",
			"SupplierName": "Titanium"
		}, {
			"ProductId": "P1239835",
			"Name": "Monitor Locking Cable",
			"Category": "Accessory",
			"SupplierName": "Technocom"
		}, {
			"ProductId": "P1239836",
			"Name": "Monitor Locking Cable",
			"Category": "Accessory",
			"SupplierName": "Titanium"
		}, {
			"ProductId": "P1239837",
			"Name": "Monitor Locking Cable",
			"Category": "Accessory",
			"SupplierName": "Technocom"
		}, {
			"ProductId": "P1239838",
			"Name": "Monitor Locking Cable",
			"Category": "Accessory",
			"SupplierName": "Titanium"
		}, {
			"ProductId": "P1239839",
			"Name": "Monitor Locking Cable",
			"Category": "Accessory",
			"SupplierName": "Technocom"
		}, {
			"ProductId": "P1239840",
			"Name": "Monitor Locking Cable",
			"Category": "Accessory",
			"SupplierName": "Titanium"
		},

		{
			"ProductId": "214-121-828",
			"Name": "Laptop Case",
			"Category": "Accessory",
			"SupplierName": "Red Point Stores"
		}, {
			"ProductId": "214-121-829",
			"Name": "Laptop Case",
			"Category": "Accessory",
			"SupplierName": "Red Point Stores"
		}, {
			"ProductId": "214-121-830",
			"Name": "Laptop Case",
			"Category": "Accessory",
			"SupplierName": "Red Point Stores"
		}, {
			"ProductId": "214-121-831",
			"Name": "Laptop Case",
			"Category": "Accessory",
			"SupplierName": "Red Point Stores"
		}, {
			"ProductId": "214-121-832",
			"Name": "Laptop Case",
			"Category": "Accessory",
			"SupplierName": "Red Point Stores"
		}, {
			"ProductId": "214-121-833",
			"Name": "Laptop Case",
			"Category": "Accessory",
			"SupplierName": "Red Point Stores"
		}, {
			"ProductId": "214-121-834",
			"Name": "Laptop Case",
			"Category": "Accessory",
			"SupplierName": "Red Point Stores"
		}, {
			"ProductId": "214-121-835",
			"Name": "Laptop Case",
			"Category": "Accessory",
			"SupplierName": "Red Point Stores"
		}, {
			"ProductId": "214-121-836",
			"Name": "Laptop Case",
			"Category": "Accessory",
			"SupplierName": "Red Point Stores"
		}, {
			"ProductId": "214-121-837",
			"Name": "Laptop Case",
			"Category": "Accessory",
			"SupplierName": "Red Point Stores"
		}, {
			"ProductId": "214-121-838",
			"Name": "Laptop Case",
			"Category": "Accessory",
			"SupplierName": "Red Point Stores"
		}, {
			"ProductId": "214-121-839",
			"Name": "Laptop Case",
			"Category": "Accessory",
			"SupplierName": "Red Point Stores"
		}, {
			"ProductId": "214-121-840",
			"Name": "Laptop Case",
			"Category": "Accessory",
			"SupplierName": "Red Point Stores"
		}, {
			"ProductId": "214-121-841",
			"Name": "Laptop Case",
			"Category": "Accessory",
			"SupplierName": "Red Point Stores"
		}, {
			"ProductId": "214-121-842",
			"Name": "Laptop Case",
			"Category": "Accessory",
			"SupplierName": "Red Point Stores"
		},

		{
			"ProductId": "OP-38800002",
			"Name": "High End Laptop 2b",
			"Category": "Laptop",
			"SupplierName": "Titanium"
		}, {
			"ProductId": "OP-38800003",
			"Name": "High End Laptop 2b",
			"Category": "Laptop",
			"SupplierName": "Titanium"
		}, {
			"ProductId": "OP-38800004",
			"Name": "High End Laptop 2b",
			"Category": "Laptop",
			"SupplierName": "Titanium"
		}, {
			"ProductId": "OP-38800005",
			"Name": "High End Laptop 2b",
			"Category": "Laptop",
			"SupplierName": "Titanium"
		}, {
			"ProductId": "OP-38800006",
			"Name": "High End Laptop 2b",
			"Category": "Laptop",
			"SupplierName": "Titanium"
		}, {
			"ProductId": "OP-38800007",
			"Name": "High End Laptop 2b",
			"Category": "Laptop",
			"SupplierName": "Titanium"
		}, {
			"ProductId": "OP-38800008",
			"Name": "High End Laptop 2b",
			"Category": "Laptop",
			"SupplierName": "Titanium"
		}, {
			"ProductId": "OP-38800009",
			"Name": "High End Laptop 2b",
			"Category": "Laptop",
			"SupplierName": "Titanium"
		}, {
			"ProductId": "OP-38800010",
			"Name": "High End Laptop 2b",
			"Category": "Laptop",
			"SupplierName": "Titanium"
		}, {
			"ProductId": "OP-38800011",
			"Name": "High End Laptop 2b",
			"Category": "Laptop",
			"SupplierName": "Titanium"
		}, {
			"ProductId": "OP-38800012",
			"Name": "High End Laptop 2b",
			"Category": "Laptop",
			"SupplierName": "Titanium"
		}, {
			"ProductId": "OP-38800013",
			"Name": "High End Laptop 2b",
			"Category": "Laptop",
			"SupplierName": "Titanium"
		}, {
			"ProductId": "OP-38800014",
			"Name": "High End Laptop 2b",
			"Category": "Laptop",
			"SupplierName": "Titanium"
		}, {
			"ProductId": "OP-38800015",
			"Name": "High End Laptop 2b",
			"Category": "Laptop",
			"SupplierName": "Titanium"
		}, {
			"ProductId": "OP-38800016",
			"Name": "High End Laptop 2b",
			"Category": "Laptop",
			"SupplierName": "Titanium"
		}
	],
	"ProductNames": [{
		"key": "",
		"name": "All"
	}, {
		"key": "High End Laptop 2b",
		"name": "High End Laptop 2b"
	}, {
		"key": "Hurricane GX",
		"name": "Hurricane GX"
	}, {
		"key": "Laptop Case",
		"name": "Laptop Case"
	}, {
		"key": "Monitor Locking Cable",
		"name": "Monitor Locking Cable"
	}, {
		"key": "Power Projector 4713",
		"name": "Power Projector 4713"
	}, {
		"key": "Webcam",
		"name": "Webcam"
	}],
	"ProductCategories": [{
		"key": "",
		"name": "All"
	}, {
		"key": "Accessory",
		"name": "Accessory"
	}, {
		"key": "Graphics Card",
		"name": "Graphics Card"
	}, {
		"key": "Laptop",
		"name": "Laptop"
	}, {
		"key": "Projector",
		"name": "Projector"
	}],
	"ProductSuppliers": [{
		"key": "",
		"name": "All"
	}, {
		"key": "Titanium",
		"name": "Titanium"
	}, {
		"key": "Technocom",
		"name": "Technocom"
	}, {
		"key": "Red Point Stores",
		"name": "Red Point Stores"
	}],
	"Filter": {
		"text": "Filtered by: nothing"
	}
}