[{
	"group": "Action",
	"view": "action",
	"text": "Action",
	"icon": "sap-icon://action"
 },{
	"group": "Container",
	"view": "container",
	"text": "Container",
	"icon": "sap-icon://sap-box"
 },{
	"group": "Container",
	"view": "carousel",
	"text": "Carousel",
	"icon": "sap-icon://image-viewer"
 },{
	"group": "Container",
	"view": "chartContainer",
	"text": "Chart Container",
	"icon": "sap-icon://bar-chart"
 },{
	"group": "Container",
	"view": "dynamicPage",
	"text": "Dynamic Page",
	"icon": "sap-icon://document"
 },{
	"group": "Container",
	"view": "filterBar",
	"text": "Filter Bar",
	"icon": "sap-icon://filter"
 },{
	"group": "Container",
	"view": "flexibleColumn",
	"text": "Flexible Column Layout",
	"icon": "sap-icon://resize-horizontal"
 },{
	"group": "Container",
	"view": "headerContainer",
	"text": "Header Container",
	"icon": "sap-icon://header"
 },{
	"group": "Container",
	"view": "iconTabBar",
	"text": "Icon Tab Bar",
	"icon": "sap-icon://filter-fields"
 },{
	"group": "Container",
	"view": "messageStrip",
	"text": "Message Strip",
	"icon": "sap-icon://message-information"
 },{
	"group": "Container",
	"view": "navContainer",
	"text": "Nav Container",
	"icon": "sap-icon://sap-box"
 },{
	"group": "Container",
	"view": "objectPage",
	"text": "Object Page",
	"icon": "sap-icon://order-status"
 },{
	"group": "Container",
	"view": "overflowToolbar",
	"text": "Overflow Toolbar",
	"icon": "sap-icon://overflow"
 },{
	"group": "Container",
	"view": "panel",
	"text": "Panel",
	"icon": "sap-icon://expand-group"
 },{
	"group": "Container",
	"view": "quickViewCard",
	"text": "Quick View Card",
	"icon": "sap-icon://credit-card"
 },{
	"group": "Container",
	"view": "slideTile",
	"text": "Slide Tile",
	"icon": "sap-icon://picture"
 },{
	"group": "Container",
	"view": "smartArea",
	"text": "Smart Area",
	"icon": "sap-icon://area-chart"
 },{
	"group": "Container",
	"view": "smartBullet",
	"text": "Smart Bullet",
	"icon": "sap-icon://horizontal-bullet-chart"
 },{
	"group": "Container",
	"view": "splitApp",
	"text": "Split App",
	"icon": "sap-icon://screen-split-one"
 },{
	"group": "Container",
	"view": "tabContainer",
	"text": "Tab Container",
	"icon": "sap-icon://chart-table-view"
 },{
	"group": "Container",
	"view": "tree",
	"text": "Tree",
	"icon": "sap-icon://tree"
 },{
	"group": "Data Visualization",
	"view": "microChart",
	"text": "Micro Chart",
	"icon": "sap-icon://area-chart"
 },{
	"group": "Container",
	"view": "unifiedShell",
	"text": "Unified Shell",
	"icon": "sap-icon://megamenu"
 },{
	"group": "Container",
	"view": "unifiedSplitContainer",
	"text": "Unified Split Container",
	"icon": "sap-icon://split"
 },{
	"group": "Container",
	"view": "valueHelpDialog",
	"text": "Value Help Dialog",
	"icon": "sap-icon://value-help"
 },{
	"group": "Container",
	"view": "wizard",
	"text": "Wizard",
	"icon": "sap-icon://drop-down-list"
 },{
	"group": "Data Binding",
	"view": "dataBinding",
	"text": "Data Binding",
	"icon": "sap-icon://text-formatting"
 },{
	"group": "Data Visualization",
	"view": "ganttChart",
	"text": "Gantt Chart",
	"icon": "sap-icon://chevron-phase"
 },{
	"group": "Data Visualization",
	"view": "interactiveBarChart",
	"text": "Bar Chart",
	"icon": "sap-icon://horizontal-bar-chart-2"
 },{
	"group": "Data Visualization",
	"view": "donutChart",
	"text": "Donut Chart",
	"icon": "sap-icon://donut-chart"
 },{
	"group": "Data Visualization",
	"view": "lineChart",
	"text": "Line Chart",
	"icon": "sap-icon://multiple-line-chart"
 },{
	"group": "Data Visualization",
	"view": "statusIndicator",
	"text": "Status Indicator",
	"icon": "sap-icon://mileage"
 },{
	"group": "Data Visualization",
	"view": "vizFrameCharts",
	"text": "VizFrame Charts",
	"icon": "sap-icon://chart-axis"
 },{
	"group": "Display",
	"view": "busyIndicator",
	"text": "Busy Indicator",
	"icon": "sap-icon://busy"
 },{
	"group": "Display",
	"view": "card",
	"text": "Card",
	"icon": "sap-icon://business-card"
 },{
	"group": "Display",
	"view": "control",
	"text": "Control",
	"icon": "sap-icon://touch"
 },{
	"group": "Download",
	"view": "downloadExcel",
	"text": "Download Excel",
	"icon":"sap-icon://excel-attachment"
 },{
	"group": "TreeTable",
	"view": "treeTable",
	"text": "Tree Table",
	"icon": "sap-icon://tree"
 }]