{
	"items": [{
		"firstName": "Navya",
		"lastName": "Gowda",
		"jobTitle": "Senior System Engineer",
		"location": "India",
		"department": "EASSAP"
	}, {
		"firstName": "John",
		"lastName": "Smith",
		"jobTitle": "Technology Architect",
		"location": "USA",
		"department": "EASSAP"
	}, {
		"firstName": "Emma",
		"lastName": "Watson",
		"jobTitle": "System Engineer",
		"location": "Europe",
		"department": "Testing"
	}, {
		"firstName": "Rahul",
		"lastName": "Singh",
		"jobTitle": "Manager",
		"location": "India",
		"department": "EASSAP"
	}, {
		"firstName": "Sinchi",
		"lastName": "Kotaro",
		"jobTitle": "System Engineer",
		"location": "UK",
		"department": "EASSAP"
	}]
}