[{
	"__metadata": {
		"type": "AmcNamespace.StockPrice"
	},
	"Date": "2011",
	"Price": "20000",
	"PriceTarget": "20000",
	"PriceDeviationLowerBound": "0",
	"PriceToleranceLowerBound": "10000",
	"PriceToleranceUpperBound": "30000",
	"PriceDeviationUpperBound": "50000",
	"Title": "MyChartTitleFromData",
	"Description": "MyDescription",
	"Currency": "Euro",
	"ChartTitle": "This is chart title"
}, {
	"__metadata": {
		"type": "AmcNamespace.StockPrice"
	},
	"Date": "2012",
	"Price": "20000",
	"PriceTarget": "30000",
	"PriceDeviationLowerBound": "10000",
	"PriceToleranceLowerBound": "18000",
	"PriceToleranceUpperBound": "45000",
	"PriceDeviationUpperBound": "60000",
	"Title": "MyChartTitleFromData",
	"Description": "MyDescription",
	"Currency": "Euro",
	"ChartTitle": "This is chart title"
}, {
	"__metadata": {
		"type": "AmcNamespace.StockPrice"
	},
	"Date": "2013",
	"Price": "20000",
	"PriceTarget": "40000",
	"PriceDeviationLowerBound": "20000",
	"PriceToleranceLowerBound": "30000",
	"PriceToleranceUpperBound": "50000",
	"PriceDeviationUpperBound": "70000",
	"Title": "MyChartTitleFromData",
	"Description": "MyDescription",
	"Currency": "Euro",
	"ChartTitle": "This is chart title"
}, {
	"__metadata": {
		"type": "AmcNamespace.StockPrice"
	},
	"Date": "2014",
	"Price": "55000",
	"PriceTarget": "65000",
	"PriceDeviationLowerBound": "30000",
	"PriceToleranceLowerBound": "45000",
	"PriceToleranceUpperBound": "80000",
	"PriceDeviationUpperBound": "90000",
	"Title": "MyChartTitleFromData",
	"Description": "MyDescription",
	"Currency": "Euro",
	"ChartTitle": "This is chart title"
}]