<core:FragmentDefinition xmlns="sap.m" xmlns:core="sap.ui.core">
	<Panel id="quickViewCardContainer" width="auto" height="264px">
		<QuickViewCard id="quickViewCard" pages="{path : '/pages', templateShareable : 'true'}" afterNavigate="onNavigate">
			<QuickViewPage pageId="{pageId}" header="{header}" icon="{icon}" title="{title}" titleUrl="{titleUrl}" description="{description}"
				groups="{path : 'groups', templateShareable : 'true'}">
				<QuickViewGroup heading="{heading}" elements="{path : 'elements', templateShareable : 'true'}">
					<QuickViewGroupElement label="{label}" value="{value}" url="{url}" type="{elementType}" pageLinkId="{pageLinkId}"
						emailSubject="{emailSubject}" target="{target}"/>
				</QuickViewGroup>
			</QuickViewPage>
		</QuickViewCard>
	</Panel>
</core:FragmentDefinition>